<?xml version="1.0" encoding="UTF-8" standalone="yes"?>
<Package xmlns="http://soap.sforce.com/2006/04/metadata">
	<types>
		<members>OrgMonitoring</members>
		<name>WaveApplication</name>
	</types>
	<types>
		<members>Org_Monitoring_DB</members>
		<name>WaveDashboard</name>
	</types>
	<types>
		<members>OrgMonitoring_DS</members>
		<name>WaveDataset</name>
	</types>
	<types>
		<members>OrgMonitoring_Recipe</members>
		<name>WaveRecipe</name>
	</types>
	<types>
		<members>OrgMonitoring_Recipe</members>
		<name>WaveDataflow</name>
	</types>
	<version>54.0</version>
</Package>